{
  "timestamp": "20260224_205431",
  "model": "qwen3-8b-rf-agent",
  "user_input": "璁捐?′竴涓?涓?蹇冮?戠巼2.4GHz锛屽甫瀹?200MHz鐨勫垏姣旈洩澶?甯﹂?氭护娉㈠櫒锛岀汗娉?0.5dB锛孯0=50ohm锛孡a_target=40dB锛屼笅闃诲甫2.1GHz锛屼笂闃诲甫2.7GHz",
  "final_spec": {
    "filter_type": "chebyshev",
    "filter_band": "bandpass",
    "ripple_db": 0.5,
    "f_center": 2400000000.0,
    "bandwidth": 600000000.0,
    "fs_lower": 2100000000.0,
    "fs_upper": 2700000000.0,
    "R0": 50.0,
    "order": 10,
    "La": 40.0
  },
  "iterations": [
    {
      "iteration": 1,
      "spec": {
        "filter_type": "chebyshev",
        "filter_band": "bandpass",
        "ripple_db": 0.5,
        "f_center": 2400000000.0,
        "bandwidth": 600000000.0,
        "fs_lower": 2100000000.0,
        "fs_upper": 2700000000.0,
        "R0": 50.0,
        "order": 6,
        "La": 40.0
      },
      "metrics": {
        "S11_max_dB": -2.883128792849125,
        "S21_passband_min_dB": -3.1413076004283296,
        "S21_passband_max_dB": -0.008227943371891549,
        "S21_stopband_max_dB": -0.7303667733970631,
        "passband_ripple_dB": 3.133079657056438,
        "filter_band": "bandpass",
        "f_center_Hz": 2400000000.0,
        "bandwidth_Hz": 600000000.0,
        "fs_lower_Hz": 2100000000.0,
        "fs_upper_Hz": 2700000000.0
      },
      "eval": {
        "passed": false,
        "issues": [
          "S11=-2.9dB > -10.0dB (匹配差)",
          "纹波=3.1dB > 3.0dB",
          "阻带S21=-0.7dB > -30.0dB (抑制不够)",
          "通带S21_min=-3.1dB < -3.0dB (插损大)"
        ],
        "metrics_summary": {
          "S11_max_dB": -2.883128792849125,
          "passband_ripple_dB": 3.133079657056438,
          "S21_stopband_max_dB": -0.7303667733970631,
          "S21_passband_min_dB": -3.1413076004283296
        }
      }
    },
    {
      "iteration": 2,
      "spec": {
        "filter_type": "chebyshev",
        "filter_band": "bandpass",
        "ripple_db": 0.5,
        "f_center": 2400000000.0,
        "bandwidth": 600000000.0,
        "fs_lower": 2100000000.0,
        "fs_upper": 2700000000.0,
        "R0": 50.0,
        "order": 8,
        "La": 40.0
      },
      "metrics": {
        "S11_max_dB": -1.5287224426614652,
        "S21_passband_min_dB": -5.276519677788407,
        "S21_passband_max_dB": -0.06356524729827591,
        "S21_stopband_max_dB": -0.37396653873862545,
        "passband_ripple_dB": 5.212954430490131,
        "filter_band": "bandpass",
        "f_center_Hz": 2400000000.0,
        "bandwidth_Hz": 600000000.0,
        "fs_lower_Hz": 2100000000.0,
        "fs_upper_Hz": 2700000000.0
      },
      "eval": {
        "passed": false,
        "issues": [
          "S11=-1.5dB > -10.0dB (匹配差)",
          "纹波=5.2dB > 3.0dB",
          "阻带S21=-0.4dB > -30.0dB (抑制不够)",
          "通带S21_min=-5.3dB < -3.0dB (插损大)"
        ],
        "metrics_summary": {
          "S11_max_dB": -1.5287224426614652,
          "passband_ripple_dB": 5.212954430490131,
          "S21_stopband_max_dB": -0.37396653873862545,
          "S21_passband_min_dB": -5.276519677788407
        }
      }
    },
    {
      "iteration": 3,
      "spec": {
        "filter_type": "chebyshev",
        "filter_band": "bandpass",
        "ripple_db": 0.5,
        "f_center": 2400000000.0,
        "bandwidth": 600000000.0,
        "fs_lower": 2100000000.0,
        "fs_upper": 2700000000.0,
        "R0": 50.0,
        "order": 10,
        "La": 40.0
      },
      "metrics": {
        "S11_max_dB": -0.485001642480979,
        "S21_passband_min_dB": -9.760655286580578,
        "S21_passband_max_dB": -0.01284389355277045,
        "S21_stopband_max_dB": -0.8840367151577704,
        "passband_ripple_dB": 9.747811393027808,
        "filter_band": "bandpass",
        "f_center_Hz": 2400000000.0,
        "bandwidth_Hz": 600000000.0,
        "fs_lower_Hz": 2100000000.0,
        "fs_upper_Hz": 2700000000.0
      },
      "eval": {
        "passed": false,
        "issues": [
          "S11=-0.5dB > -10.0dB (匹配差)",
          "纹波=9.7dB > 3.0dB",
          "阻带S21=-0.9dB > -30.0dB (抑制不够)",
          "通带S21_min=-9.8dB < -3.0dB (插损大)"
        ],
        "metrics_summary": {
          "S11_max_dB": -0.485001642480979,
          "passband_ripple_dB": 9.747811393027808,
          "S21_stopband_max_dB": -0.8840367151577704,
          "S21_passband_min_dB": -9.760655286580578
        }
      }
    },
    {
      "iteration": 4,
      "spec": {
        "filter_type": "chebyshev",
        "filter_band": "bandpass",
        "ripple_db": 0.5,
        "f_center": 2400000000.0,
        "bandwidth": 600000000.0,
        "fs_lower": 2100000000.0,
        "fs_upper": 2700000000.0,
        "R0": 50.0,
        "order": 11,
        "La": 40.0
      },
      "metrics": {
        "S11_max_dB": -2.345659777692925,
        "S21_passband_min_dB": -3.795362616028648,
        "S21_passband_max_dB": -8.909672044602884e-06,
        "S21_stopband_max_dB": -0.1417219056307818,
        "passband_ripple_dB": 3.7953537063566034,
        "filter_band": "bandpass",
        "f_center_Hz": 2400000000.0,
        "bandwidth_Hz": 600000000.0,
        "fs_lower_Hz": 2100000000.0,
        "fs_upper_Hz": 2700000000.0
      },
      "eval": {
        "passed": false,
        "issues": [
          "S11=-2.3dB > -10.0dB (匹配差)",
          "纹波=3.8dB > 3.0dB",
          "阻带S21=-0.1dB > -30.0dB (抑制不够)",
          "通带S21_min=-3.8dB < -3.0dB (插损大)"
        ],
        "metrics_summary": {
          "S11_max_dB": -2.345659777692925,
          "passband_ripple_dB": 3.7953537063566034,
          "S21_stopband_max_dB": -0.1417219056307818,
          "S21_passband_min_dB": -3.795362616028648
        }
      }
    },
    {
      "iteration": 5,
      "spec": {
        "filter_type": "chebyshev",
        "filter_band": "bandpass",
        "ripple_db": 0.5,
        "f_center": 2400000000.0,
        "bandwidth": 600000000.0,
        "fs_lower": 2100000000.0,
        "fs_upper": 2700000000.0,
        "R0": 50.0,
        "order": 10,
        "La": 40.0
      },
      "metrics": {
        "S11_max_dB": -0.485001642480979,
        "S21_passband_min_dB": -9.760655286580578,
        "S21_passband_max_dB": -0.01284389355277045,
        "S21_stopband_max_dB": -0.8840367151577704,
        "passband_ripple_dB": 9.747811393027808,
        "filter_band": "bandpass",
        "f_center_Hz": 2400000000.0,
        "bandwidth_Hz": 600000000.0,
        "fs_lower_Hz": 2100000000.0,
        "fs_upper_Hz": 2700000000.0
      },
      "eval": {
        "passed": false,
        "issues": [
          "S11=-0.5dB > -10.0dB (匹配差)",
          "纹波=9.7dB > 3.0dB",
          "阻带S21=-0.9dB > -30.0dB (抑制不够)",
          "通带S21_min=-9.8dB < -3.0dB (插损大)"
        ],
        "metrics_summary": {
          "S11_max_dB": -0.485001642480979,
          "passband_ripple_dB": 9.747811393027808,
          "S21_stopband_max_dB": -0.8840367151577704,
          "S21_passband_min_dB": -9.760655286580578
        }
      }
    }
  ],
  "total_iterations": 5,
  "converged": false
}