{
  "timestamp": "20260224_205843",
  "model": "qwen3-8b-rf-agent",
  "user_input": "璁捐?′竴涓?涓?蹇冮?戠巼2.4GHz锛屽甫瀹?200MHz鐨勫垏姣旈洩澶?甯﹂?氭护娉㈠櫒锛岀汗娉?0.5dB锛孯0=50ohm锛孡a_target=40dB锛屼笅闃诲甫2.1GHz锛屼笂闃诲甫2.7GHz",
  "final_spec": {
    "filter_type": "chebyshev",
    "filter_band": "bandpass",
    "ripple_db": 0.5,
    "f_center": 2400000000.0,
    "bandwidth": 300000000.0,
    "fs_lower": 2100000000.0,
    "fs_upper": 2700000000.0,
    "R0": 50.0,
    "order": 5,
    "La": 40.0
  },
  "iterations": [
    {
      "iteration": 1,
      "spec": {
        "filter_type": "chebyshev",
        "filter_band": "bandpass",
        "ripple_db": 0.5,
        "f_center": 2400000000.0,
        "bandwidth": 300000000.0,
        "fs_lower": 2100000000.0,
        "fs_upper": 2700000000.0,
        "R0": 50.0,
        "order": 6,
        "La": 40.0
      },
      "metrics": {
        "S11_max_dB": -0.36484287008956384,
        "S21_passband_min_dB": -10.937928913732176,
        "S21_passband_max_dB": -0.09715125893074529,
        "S21_stopband_max_dB": -48.74610281735876,
        "passband_ripple_dB": 10.84077765480143,
        "filter_band": "bandpass",
        "f_center_Hz": 2400000000.0,
        "bandwidth_Hz": 300000000.0,
        "fs_lower_Hz": 2100000000.0,
        "fs_upper_Hz": 2700000000.0
      },
      "eval": {
        "passed": false,
        "issues": [
          "S11=-0.4dB > -10.0dB (匹配差)",
          "纹波=10.8dB > 3.0dB",
          "通带S21_min=-10.9dB < -3.0dB (插损大)"
        ],
        "metrics_summary": {
          "S11_max_dB": -0.36484287008956384,
          "passband_ripple_dB": 10.84077765480143,
          "S21_stopband_max_dB": -48.74610281735876,
          "S21_passband_min_dB": -10.937928913732176
        }
      }
    },
    {
      "iteration": 2,
      "spec": {
        "filter_type": "chebyshev",
        "filter_band": "bandpass",
        "ripple_db": 0.5,
        "f_center": 2400000000.0,
        "bandwidth": 300000000.0,
        "fs_lower": 2100000000.0,
        "fs_upper": 2700000000.0,
        "R0": 50.0,
        "order": 5,
        "La": 40.0
      },
      "metrics": {
        "S11_max_dB": -0.38646131367736536,
        "S21_passband_min_dB": -10.69858070419194,
        "S21_passband_max_dB": -0.0018561820081752225,
        "S21_stopband_max_dB": -38.680691327320645,
        "passband_ripple_dB": 10.696724522183764,
        "filter_band": "bandpass",
        "f_center_Hz": 2400000000.0,
        "bandwidth_Hz": 300000000.0,
        "fs_lower_Hz": 2100000000.0,
        "fs_upper_Hz": 2700000000.0
      },
      "eval": {
        "passed": false,
        "issues": [
          "S11=-0.4dB > -10.0dB (匹配差)",
          "纹波=10.7dB > 3.0dB",
          "通带S21_min=-10.7dB < -3.0dB (插损大)"
        ],
        "metrics_summary": {
          "S11_max_dB": -0.38646131367736536,
          "passband_ripple_dB": 10.696724522183764,
          "S21_stopband_max_dB": -38.680691327320645,
          "S21_passband_min_dB": -10.69858070419194
        }
      }
    },
    {
      "iteration": 3,
      "spec": {
        "filter_type": "chebyshev",
        "filter_band": "bandpass",
        "ripple_db": 0.5,
        "f_center": 2400000000.0,
        "bandwidth": 300000000.0,
        "fs_lower": 2100000000.0,
        "fs_upper": 2700000000.0,
        "R0": 50.0,
        "order": 4,
        "La": 40.0
      },
      "metrics": {
        "S11_max_dB": -4.4928108582148605,
        "S21_passband_min_dB": -1.907105207279215,
        "S21_passband_max_dB": -0.003204833694857036,
        "S21_stopband_max_dB": -27.03981410942713,
        "passband_ripple_dB": 1.9039003735843578,
        "filter_band": "bandpass",
        "f_center_Hz": 2400000000.0,
        "bandwidth_Hz": 300000000.0,
        "fs_lower_Hz": 2100000000.0,
        "fs_upper_Hz": 2700000000.0
      },
      "eval": {
        "passed": false,
        "issues": [
          "S11=-4.5dB > -10.0dB (匹配差)",
          "阻带S21=-27.0dB > -30.0dB (抑制不够)"
        ],
        "metrics_summary": {
          "S11_max_dB": -4.4928108582148605,
          "passband_ripple_dB": 1.9039003735843578,
          "S21_stopband_max_dB": -27.03981410942713,
          "S21_passband_min_dB": -1.907105207279215
        }
      }
    },
    {
      "iteration": 4,
      "spec": {
        "filter_type": "chebyshev",
        "filter_band": "bandpass",
        "ripple_db": 0.5,
        "f_center": 2400000000.0,
        "bandwidth": 300000000.0,
        "fs_lower": 2100000000.0,
        "fs_upper": 2700000000.0,
        "R0": 50.0,
        "order": 6,
        "La": 40.0
      },
      "metrics": {
        "S11_max_dB": -0.36484287008956384,
        "S21_passband_min_dB": -10.937928913732176,
        "S21_passband_max_dB": -0.09715125893074529,
        "S21_stopband_max_dB": -48.74610281735876,
        "passband_ripple_dB": 10.84077765480143,
        "filter_band": "bandpass",
        "f_center_Hz": 2400000000.0,
        "bandwidth_Hz": 300000000.0,
        "fs_lower_Hz": 2100000000.0,
        "fs_upper_Hz": 2700000000.0
      },
      "eval": {
        "passed": false,
        "issues": [
          "S11=-0.4dB > -10.0dB (匹配差)",
          "纹波=10.8dB > 3.0dB",
          "通带S21_min=-10.9dB < -3.0dB (插损大)"
        ],
        "metrics_summary": {
          "S11_max_dB": -0.36484287008956384,
          "passband_ripple_dB": 10.84077765480143,
          "S21_stopband_max_dB": -48.74610281735876,
          "S21_passband_min_dB": -10.937928913732176
        }
      }
    },
    {
      "iteration": 5,
      "spec": {
        "filter_type": "chebyshev",
        "filter_band": "bandpass",
        "ripple_db": 0.5,
        "f_center": 2400000000.0,
        "bandwidth": 300000000.0,
        "fs_lower": 2100000000.0,
        "fs_upper": 2700000000.0,
        "R0": 50.0,
        "order": 5,
        "La": 40.0
      },
      "metrics": {
        "S11_max_dB": -0.38646131367736536,
        "S21_passband_min_dB": -10.69858070419194,
        "S21_passband_max_dB": -0.0018561820081752225,
        "S21_stopband_max_dB": -38.680691327320645,
        "passband_ripple_dB": 10.696724522183764,
        "filter_band": "bandpass",
        "f_center_Hz": 2400000000.0,
        "bandwidth_Hz": 300000000.0,
        "fs_lower_Hz": 2100000000.0,
        "fs_upper_Hz": 2700000000.0
      },
      "eval": {
        "passed": false,
        "issues": [
          "S11=-0.4dB > -10.0dB (匹配差)",
          "纹波=10.7dB > 3.0dB",
          "通带S21_min=-10.7dB < -3.0dB (插损大)"
        ],
        "metrics_summary": {
          "S11_max_dB": -0.38646131367736536,
          "passband_ripple_dB": 10.696724522183764,
          "S21_stopband_max_dB": -38.680691327320645,
          "S21_passband_min_dB": -10.69858070419194
        }
      }
    }
  ],
  "total_iterations": 5,
  "converged": false
}