{
  "timestamp": "20260224_205943",
  "model": "qwen3-8b-rf-agent",
  "user_input": "璁捐?′竴涓猚hebyshev浣庨?氭护娉㈠櫒锛宖c=1GHz锛宖s=2.5GHz锛宺ipple=0.5dB锛孯0=50ohm锛孡a_target=40dB",
  "final_spec": {
    "filter_type": "chebyshev",
    "filter_band": "lowpass",
    "ripple_db": 0.25,
    "fc": 1000000000.0,
    "fs": 2500000000.0,
    "R0": 50.0,
    "order": 7,
    "La": 40.0
  },
  "iterations": [
    {
      "iteration": 1,
      "spec": {
        "filter_type": "chebyshev",
        "filter_band": "lowpass",
        "ripple_db": 0.5,
        "fc": 1000000000.0,
        "fs": 2500000000.0,
        "R0": 50.0,
        "order": 7,
        "La": 40.0
      },
      "metrics": {
        "S11_max_dB": -9.607325439125532,
        "S21_passband_min_dB": -0.5034804524790583,
        "S21_passband_max_dB": -0.0004991507530317087,
        "S21_stopband_max_dB": -80.088592074795,
        "passband_ripple_dB": 0.5029813017260265,
        "filter_band": "lowpass",
        "fc_Hz": 1000000000.0,
        "fs_Hz": 2500000000.0
      },
      "eval": {
        "passed": false,
        "issues": [
          "S11=-9.6dB > -10.0dB (匹配差)"
        ],
        "metrics_summary": {
          "S11_max_dB": -9.607325439125532,
          "passband_ripple_dB": 0.5029813017260265,
          "S21_stopband_max_dB": -80.088592074795,
          "S21_passband_min_dB": -0.5034804524790583
        }
      }
    },
    {
      "iteration": 2,
      "spec": {
        "filter_type": "chebyshev",
        "filter_band": "lowpass",
        "ripple_db": 0.25,
        "fc": 1000000000.0,
        "fs": 2500000000.0,
        "R0": 50.0,
        "order": 7,
        "La": 40.0
      },
      "metrics": {
        "S11_max_dB": -12.335993434814498,
        "S21_passband_min_dB": -0.2613279408978169,
        "S21_passband_max_dB": -6.167516231324793e-05,
        "S21_stopband_max_dB": -76.98960858635603,
        "passband_ripple_dB": 0.26126626573550366,
        "filter_band": "lowpass",
        "fc_Hz": 1000000000.0,
        "fs_Hz": 2500000000.0
      },
      "eval": {
        "passed": true,
        "issues": [],
        "metrics_summary": {
          "S11_max_dB": -12.335993434814498,
          "passband_ripple_dB": 0.26126626573550366,
          "S21_stopband_max_dB": -76.98960858635603,
          "S21_passband_min_dB": -0.2613279408978169
        }
      }
    }
  ],
  "total_iterations": 2,
  "converged": true
}